{
  "test_MSE": 1.794952805875476,
  "test_LCC": 0.6278549846509319,
  "test_SRCC": 0.6582798968482625,
  "test_KTAU": 0.468735025433958
}